"URL 1","URL 2"
"https://fasttrack.grv.org.au/Meeting/Details/1836910000","https://fasttrack.grv.org.au/RaceField/ViewRaces/1836910000"
"https://fasttrack.grv.org.au/Meeting/Details/1836910011","https://fasttrack.grv.org.au/RaceField/ViewRaces/1836910011"
"https://fasttrack.grv.org.au/Meeting/Details/1836910021","https://fasttrack.grv.org.au/RaceField/ViewRaces/1836910021"
"https://fasttrack.grv.org.au/Meeting/Details/1836910039","https://fasttrack.grv.org.au/RaceField/ViewRaces/1836910039"
"https://fasttrack.grv.org.au/Meeting/Details/1836910042","https://fasttrack.grv.org.au/RaceField/ViewRaces/1836910042"
"https://fasttrack.grv.org.au/Meeting/Details/1836910057","https://fasttrack.grv.org.au/RaceField/ViewRaces/1836910057"
"https://fasttrack.grv.org.au/Meeting/Details/1836910077","https://fasttrack.grv.org.au/RaceField/ViewRaces/1836910077"
"https://fasttrack.grv.org.au/Meeting/Details/1836910083","https://fasttrack.grv.org.au/RaceField/ViewRaces/1836910083"
"https://fasttrack.grv.org.au/Meeting/Details/1836910090","https://fasttrack.grv.org.au/RaceField/ViewRaces/1836910090"
"https://fasttrack.grv.org.au/Meeting/Details/1836910092","https://fasttrack.grv.org.au/RaceField/ViewRaces/1836910092"
"https://fasttrack.grv.org.au/Meeting/Details/1836910096","https://fasttrack.grv.org.au/RaceField/ViewRaces/1836910096"
"https://fasttrack.grv.org.au/Meeting/Details/1940000000","https://fasttrack.grv.org.au/RaceField/ViewRaces/1940000000"
"https://fasttrack.grv.org.au/Meeting/Details/1836910002","https://fasttrack.grv.org.au/RaceField/ViewRaces/1836910002"
"https://fasttrack.grv.org.au/Meeting/Details/1836910003","https://fasttrack.grv.org.au/RaceField/ViewRaces/1836910003"
"https://fasttrack.grv.org.au/Meeting/Details/1836910004","https://fasttrack.grv.org.au/RaceField/ViewRaces/1836910004"
"https://fasttrack.grv.org.au/Meeting/Details/1836910007","https://fasttrack.grv.org.au/RaceField/ViewRaces/1836910007"
"https://fasttrack.grv.org.au/Meeting/Details/1836910008","https://fasttrack.grv.org.au/RaceField/ViewRaces/1836910008"
"https://fasttrack.grv.org.au/Meeting/Details/1836910013","https://fasttrack.grv.org.au/RaceField/ViewRaces/1836910013"
"https://fasttrack.grv.org.au/Meeting/Details/1836910014","https://fasttrack.grv.org.au/RaceField/ViewRaces/1836910014"
"https://fasttrack.grv.org.au/Meeting/Details/1836910022","https://fasttrack.grv.org.au/RaceField/ViewRaces/1836910022"
"https://fasttrack.grv.org.au/Meeting/Details/1836910028","https://fasttrack.grv.org.au/RaceField/ViewRaces/1836910028"
"https://fasttrack.grv.org.au/Meeting/Details/1836910030","https://fasttrack.grv.org.au/RaceField/ViewRaces/1836910030"
"https://fasttrack.grv.org.au/Meeting/Details/1836910035","https://fasttrack.grv.org.au/RaceField/ViewRaces/1836910035"
"https://fasttrack.grv.org.au/Meeting/Details/1836910036","https://fasttrack.grv.org.au/RaceField/ViewRaces/1836910036"
"https://fasttrack.grv.org.au/Meeting/Details/1836910044","https://fasttrack.grv.org.au/RaceField/ViewRaces/1836910044"
"https://fasttrack.grv.org.au/Meeting/Details/1836910045","https://fasttrack.grv.org.au/RaceField/ViewRaces/1836910045"
"https://fasttrack.grv.org.au/Meeting/Details/1836910050","https://fasttrack.grv.org.au/RaceField/ViewRaces/1836910050"
"https://fasttrack.grv.org.au/Meeting/Details/1836910059","https://fasttrack.grv.org.au/RaceField/ViewRaces/1836910059"
"https://fasttrack.grv.org.au/Meeting/Details/1836910079","https://fasttrack.grv.org.au/RaceField/ViewRaces/1836910079"
"https://fasttrack.grv.org.au/Meeting/Details/1836910086","https://fasttrack.grv.org.au/RaceField/ViewRaces/1836910086"
"https://fasttrack.grv.org.au/Meeting/Details/1836910087","https://fasttrack.grv.org.au/RaceField/ViewRaces/1836910087"
"https://fasttrack.grv.org.au/Meeting/Details/1836910088","https://fasttrack.grv.org.au/RaceField/ViewRaces/1836910088"
"https://fasttrack.grv.org.au/Meeting/Details/1836910089","https://fasttrack.grv.org.au/RaceField/ViewRaces/1836910089"
"https://fasttrack.grv.org.au/Meeting/Details/1836910093","https://fasttrack.grv.org.au/RaceField/ViewRaces/1836910093"
"https://fasttrack.grv.org.au/Meeting/Details/1753990069","https://fasttrack.grv.org.au/RaceField/ViewRaces/1753990069"
"https://fasttrack.grv.org.au/Meeting/Details/1753990072","https://fasttrack.grv.org.au/RaceField/ViewRaces/1753990072"
"https://fasttrack.grv.org.au/Meeting/Details/1753990076","https://fasttrack.grv.org.au/RaceField/ViewRaces/1753990076"
"https://fasttrack.grv.org.au/Meeting/Details/1836910005","https://fasttrack.grv.org.au/RaceField/ViewRaces/1836910005"
"https://fasttrack.grv.org.au/Meeting/Details/1836910006","https://fasttrack.grv.org.au/RaceField/ViewRaces/1836910006"
"https://fasttrack.grv.org.au/Meeting/Details/1836910009","https://fasttrack.grv.org.au/RaceField/ViewRaces/1836910009"
"https://fasttrack.grv.org.au/Meeting/Details/1836910012","https://fasttrack.grv.org.au/RaceField/ViewRaces/1836910012"
"https://fasttrack.grv.org.au/Meeting/Details/1836910018","https://fasttrack.grv.org.au/RaceField/ViewRaces/1836910018"
"https://fasttrack.grv.org.au/Meeting/Details/1836910025","https://fasttrack.grv.org.au/RaceField/ViewRaces/1836910025"
"https://fasttrack.grv.org.au/Meeting/Details/1836910029","https://fasttrack.grv.org.au/RaceField/ViewRaces/1836910029"
"https://fasttrack.grv.org.au/Meeting/Details/1836910031","https://fasttrack.grv.org.au/RaceField/ViewRaces/1836910031"
"https://fasttrack.grv.org.au/Meeting/Details/1836910032","https://fasttrack.grv.org.au/RaceField/ViewRaces/1836910032"
"https://fasttrack.grv.org.au/Meeting/Details/1836910040","https://fasttrack.grv.org.au/RaceField/ViewRaces/1836910040"
"https://fasttrack.grv.org.au/Meeting/Details/1836910043","https://fasttrack.grv.org.au/RaceField/ViewRaces/1836910043"
"https://fasttrack.grv.org.au/Meeting/Details/1836910046","https://fasttrack.grv.org.au/RaceField/ViewRaces/1836910046"
"https://fasttrack.grv.org.au/Meeting/Details/1836910053","https://fasttrack.grv.org.au/RaceField/ViewRaces/1836910053"
"https://fasttrack.grv.org.au/Meeting/Details/1836910055","https://fasttrack.grv.org.au/RaceField/ViewRaces/1836910055"
"https://fasttrack.grv.org.au/Meeting/Details/1836910058","https://fasttrack.grv.org.au/RaceField/ViewRaces/1836910058"
"https://fasttrack.grv.org.au/Meeting/Details/1836910067","https://fasttrack.grv.org.au/RaceField/ViewRaces/1836910067"
"https://fasttrack.grv.org.au/Meeting/Details/1836910072","https://fasttrack.grv.org.au/RaceField/ViewRaces/1836910072"
"https://fasttrack.grv.org.au/Meeting/Details/1836910073","https://fasttrack.grv.org.au/RaceField/ViewRaces/1836910073"
"https://fasttrack.grv.org.au/Meeting/Details/1836910075","https://fasttrack.grv.org.au/RaceField/ViewRaces/1836910075"
"https://fasttrack.grv.org.au/Meeting/Details/1836910080","https://fasttrack.grv.org.au/RaceField/ViewRaces/1836910080"
"https://fasttrack.grv.org.au/Meeting/Details/1836910081","https://fasttrack.grv.org.au/RaceField/ViewRaces/1836910081"
"https://fasttrack.grv.org.au/Meeting/Details/1836910082","https://fasttrack.grv.org.au/RaceField/ViewRaces/1836910082"
"https://fasttrack.grv.org.au/Meeting/Details/1836910084","https://fasttrack.grv.org.au/RaceField/ViewRaces/1836910084"
"https://fasttrack.grv.org.au/Meeting/Details/1836910085","https://fasttrack.grv.org.au/RaceField/ViewRaces/1836910085"
"https://fasttrack.grv.org.au/Meeting/Details/1836910091","https://fasttrack.grv.org.au/RaceField/ViewRaces/1836910091"
"https://fasttrack.grv.org.au/Meeting/Details/1836910094","https://fasttrack.grv.org.au/RaceField/ViewRaces/1836910094"
"https://fasttrack.grv.org.au/Meeting/Details/1836910095","https://fasttrack.grv.org.au/RaceField/ViewRaces/1836910095"
"https://fasttrack.grv.org.au/Meeting/Details/1753990063","https://fasttrack.grv.org.au/RaceField/ViewRaces/1753990063"
"https://fasttrack.grv.org.au/Meeting/Details/1753990064","https://fasttrack.grv.org.au/RaceField/ViewRaces/1753990064"
"https://fasttrack.grv.org.au/Meeting/Details/1753990065","https://fasttrack.grv.org.au/RaceField/ViewRaces/1753990065"
"https://fasttrack.grv.org.au/Meeting/Details/1753990066","https://fasttrack.grv.org.au/RaceField/ViewRaces/1753990066"
"https://fasttrack.grv.org.au/Meeting/Details/1753990067","https://fasttrack.grv.org.au/RaceField/ViewRaces/1753990067"
"https://fasttrack.grv.org.au/Meeting/Details/1753990073","https://fasttrack.grv.org.au/RaceField/ViewRaces/1753990073"
"https://fasttrack.grv.org.au/Meeting/Details/1753990074","https://fasttrack.grv.org.au/RaceField/ViewRaces/1753990074"
"https://fasttrack.grv.org.au/Meeting/Details/1836910001","https://fasttrack.grv.org.au/RaceField/ViewRaces/1836910001"
"https://fasttrack.grv.org.au/Meeting/Details/1836910010","https://fasttrack.grv.org.au/RaceField/ViewRaces/1836910010"
"https://fasttrack.grv.org.au/Meeting/Details/1836910015","https://fasttrack.grv.org.au/RaceField/ViewRaces/1836910015"
"https://fasttrack.grv.org.au/Meeting/Details/1836910016","https://fasttrack.grv.org.au/RaceField/ViewRaces/1836910016"
"https://fasttrack.grv.org.au/Meeting/Details/1836910017","https://fasttrack.grv.org.au/RaceField/ViewRaces/1836910017"
"https://fasttrack.grv.org.au/Meeting/Details/1836910019","https://fasttrack.grv.org.au/RaceField/ViewRaces/1836910019"
"https://fasttrack.grv.org.au/Meeting/Details/1836910020","https://fasttrack.grv.org.au/RaceField/ViewRaces/1836910020"
"https://fasttrack.grv.org.au/Meeting/Details/1836910023","https://fasttrack.grv.org.au/RaceField/ViewRaces/1836910023"
"https://fasttrack.grv.org.au/Meeting/Details/1836910024","https://fasttrack.grv.org.au/RaceField/ViewRaces/1836910024"
"https://fasttrack.grv.org.au/Meeting/Details/1836910026","https://fasttrack.grv.org.au/RaceField/ViewRaces/1836910026"
"https://fasttrack.grv.org.au/Meeting/Details/1836910027","https://fasttrack.grv.org.au/RaceField/ViewRaces/1836910027"
"https://fasttrack.grv.org.au/Meeting/Details/1836910033","https://fasttrack.grv.org.au/RaceField/ViewRaces/1836910033"
"https://fasttrack.grv.org.au/Meeting/Details/1836910034","https://fasttrack.grv.org.au/RaceField/ViewRaces/1836910034"
"https://fasttrack.grv.org.au/Meeting/Details/1836910037","https://fasttrack.grv.org.au/RaceField/ViewRaces/1836910037"
"https://fasttrack.grv.org.au/Meeting/Details/1836910038","https://fasttrack.grv.org.au/RaceField/ViewRaces/1836910038"
"https://fasttrack.grv.org.au/Meeting/Details/1836910041","https://fasttrack.grv.org.au/RaceField/ViewRaces/1836910041"
"https://fasttrack.grv.org.au/Meeting/Details/1836910047","https://fasttrack.grv.org.au/RaceField/ViewRaces/1836910047"
"https://fasttrack.grv.org.au/Meeting/Details/1836910048","https://fasttrack.grv.org.au/RaceField/ViewRaces/1836910048"
"https://fasttrack.grv.org.au/Meeting/Details/1836910049","https://fasttrack.grv.org.au/RaceField/ViewRaces/1836910049"
"https://fasttrack.grv.org.au/Meeting/Details/1836910051","https://fasttrack.grv.org.au/RaceField/ViewRaces/1836910051"
"https://fasttrack.grv.org.au/Meeting/Details/1836910052","https://fasttrack.grv.org.au/RaceField/ViewRaces/1836910052"
"https://fasttrack.grv.org.au/Meeting/Details/1836910054","https://fasttrack.grv.org.au/RaceField/ViewRaces/1836910054"
"https://fasttrack.grv.org.au/Meeting/Details/1836910056","https://fasttrack.grv.org.au/RaceField/ViewRaces/1836910056"
"https://fasttrack.grv.org.au/Meeting/Details/1836910068","https://fasttrack.grv.org.au/RaceField/ViewRaces/1836910068"
"https://fasttrack.grv.org.au/Meeting/Details/1836910069","https://fasttrack.grv.org.au/RaceField/ViewRaces/1836910069"
"https://fasttrack.grv.org.au/Meeting/Details/1836910070","https://fasttrack.grv.org.au/RaceField/ViewRaces/1836910070"
"https://fasttrack.grv.org.au/Meeting/Details/1836910071","https://fasttrack.grv.org.au/RaceField/ViewRaces/1836910071"
"https://fasttrack.grv.org.au/Meeting/Details/1836910078","https://fasttrack.grv.org.au/RaceField/ViewRaces/1836910078"
"https://fasttrack.grv.org.au/Meeting/Details/1912570009","https://fasttrack.grv.org.au/RaceField/ViewRaces/1912570009"
"https://fasttrack.grv.org.au/Meeting/Details/1912570078","https://fasttrack.grv.org.au/RaceField/ViewRaces/1912570078"
"https://fasttrack.grv.org.au/Meeting/Details/1958240005","https://fasttrack.grv.org.au/RaceField/ViewRaces/1958240005"
"https://fasttrack.grv.org.au/Meeting/Details/1912570000","https://fasttrack.grv.org.au/RaceField/ViewRaces/1912570000"
"https://fasttrack.grv.org.au/Meeting/Details/1912570006","https://fasttrack.grv.org.au/RaceField/ViewRaces/1912570006"
"https://fasttrack.grv.org.au/Meeting/Details/1912570007","https://fasttrack.grv.org.au/RaceField/ViewRaces/1912570007"
"https://fasttrack.grv.org.au/Meeting/Details/1912570010","https://fasttrack.grv.org.au/RaceField/ViewRaces/1912570010"
"https://fasttrack.grv.org.au/Meeting/Details/1912570015","https://fasttrack.grv.org.au/RaceField/ViewRaces/1912570015"
"https://fasttrack.grv.org.au/Meeting/Details/1912570016","https://fasttrack.grv.org.au/RaceField/ViewRaces/1912570016"
"https://fasttrack.grv.org.au/Meeting/Details/1912570024","https://fasttrack.grv.org.au/RaceField/ViewRaces/1912570024"
"https://fasttrack.grv.org.au/Meeting/Details/1912570031","https://fasttrack.grv.org.au/RaceField/ViewRaces/1912570031"
"https://fasttrack.grv.org.au/Meeting/Details/1912570032","https://fasttrack.grv.org.au/RaceField/ViewRaces/1912570032"
"https://fasttrack.grv.org.au/Meeting/Details/1912570042","https://fasttrack.grv.org.au/RaceField/ViewRaces/1912570042"
"https://fasttrack.grv.org.au/Meeting/Details/1912570049","https://fasttrack.grv.org.au/RaceField/ViewRaces/1912570049"
"https://fasttrack.grv.org.au/Meeting/Details/1912570050","https://fasttrack.grv.org.au/RaceField/ViewRaces/1912570050"
"https://fasttrack.grv.org.au/Meeting/Details/1912570060","https://fasttrack.grv.org.au/RaceField/ViewRaces/1912570060"
"https://fasttrack.grv.org.au/Meeting/Details/1912570061","https://fasttrack.grv.org.au/RaceField/ViewRaces/1912570061"
"https://fasttrack.grv.org.au/Meeting/Details/1912570075","https://fasttrack.grv.org.au/RaceField/ViewRaces/1912570075"
"https://fasttrack.grv.org.au/Meeting/Details/1912570077","https://fasttrack.grv.org.au/RaceField/ViewRaces/1912570077"
"https://fasttrack.grv.org.au/Meeting/Details/1912570083","https://fasttrack.grv.org.au/RaceField/ViewRaces/1912570083"
"https://fasttrack.grv.org.au/Meeting/Details/1912570085","https://fasttrack.grv.org.au/RaceField/ViewRaces/1912570085"
"https://fasttrack.grv.org.au/Meeting/Details/1912570089","https://fasttrack.grv.org.au/RaceField/ViewRaces/1912570089"
"https://fasttrack.grv.org.au/Meeting/Details/1958240006","https://fasttrack.grv.org.au/RaceField/ViewRaces/1958240006"
"https://fasttrack.grv.org.au/Meeting/Details/1958240007","https://fasttrack.grv.org.au/RaceField/ViewRaces/1958240007"
"https://fasttrack.grv.org.au/Meeting/Details/1836910063","https://fasttrack.grv.org.au/RaceField/ViewRaces/1836910063"
"https://fasttrack.grv.org.au/Meeting/Details/1836910065","https://fasttrack.grv.org.au/RaceField/ViewRaces/1836910065"
"https://fasttrack.grv.org.au/Meeting/Details/1836910076","https://fasttrack.grv.org.au/RaceField/ViewRaces/1836910076"
"https://fasttrack.grv.org.au/Meeting/Details/1912570001","https://fasttrack.grv.org.au/RaceField/ViewRaces/1912570001"
"https://fasttrack.grv.org.au/Meeting/Details/1912570003","https://fasttrack.grv.org.au/RaceField/ViewRaces/1912570003"
"https://fasttrack.grv.org.au/Meeting/Details/1912570008","https://fasttrack.grv.org.au/RaceField/ViewRaces/1912570008"
"https://fasttrack.grv.org.au/Meeting/Details/1912570011","https://fasttrack.grv.org.au/RaceField/ViewRaces/1912570011"
"https://fasttrack.grv.org.au/Meeting/Details/1912570013","https://fasttrack.grv.org.au/RaceField/ViewRaces/1912570013"
"https://fasttrack.grv.org.au/Meeting/Details/1912570017","https://fasttrack.grv.org.au/RaceField/ViewRaces/1912570017"
"https://fasttrack.grv.org.au/Meeting/Details/1912570020","https://fasttrack.grv.org.au/RaceField/ViewRaces/1912570020"
"https://fasttrack.grv.org.au/Meeting/Details/1912570023","https://fasttrack.grv.org.au/RaceField/ViewRaces/1912570023"
"https://fasttrack.grv.org.au/Meeting/Details/1912570026","https://fasttrack.grv.org.au/RaceField/ViewRaces/1912570026"
"https://fasttrack.grv.org.au/Meeting/Details/1912570028","https://fasttrack.grv.org.au/RaceField/ViewRaces/1912570028"
"https://fasttrack.grv.org.au/Meeting/Details/1912570033","https://fasttrack.grv.org.au/RaceField/ViewRaces/1912570033"
"https://fasttrack.grv.org.au/Meeting/Details/1912570036","https://fasttrack.grv.org.au/RaceField/ViewRaces/1912570036"
"https://fasttrack.grv.org.au/Meeting/Details/1912570038","https://fasttrack.grv.org.au/RaceField/ViewRaces/1912570038"
"https://fasttrack.grv.org.au/Meeting/Details/1912570041","https://fasttrack.grv.org.au/RaceField/ViewRaces/1912570041"
"https://fasttrack.grv.org.au/Meeting/Details/1912570046","https://fasttrack.grv.org.au/RaceField/ViewRaces/1912570046"
"https://fasttrack.grv.org.au/Meeting/Details/1912570051","https://fasttrack.grv.org.au/RaceField/ViewRaces/1912570051"
"https://fasttrack.grv.org.au/Meeting/Details/1912570054","https://fasttrack.grv.org.au/RaceField/ViewRaces/1912570054"
"https://fasttrack.grv.org.au/Meeting/Details/1912570056","https://fasttrack.grv.org.au/RaceField/ViewRaces/1912570056"
"https://fasttrack.grv.org.au/Meeting/Details/1912570059","https://fasttrack.grv.org.au/RaceField/ViewRaces/1912570059"
"https://fasttrack.grv.org.au/Meeting/Details/1912570063","https://fasttrack.grv.org.au/RaceField/ViewRaces/1912570063"
"https://fasttrack.grv.org.au/Meeting/Details/1912570071","https://fasttrack.grv.org.au/RaceField/ViewRaces/1912570071"
"https://fasttrack.grv.org.au/Meeting/Details/1912570076","https://fasttrack.grv.org.au/RaceField/ViewRaces/1912570076"
"https://fasttrack.grv.org.au/Meeting/Details/1912570079","https://fasttrack.grv.org.au/RaceField/ViewRaces/1912570079"
"https://fasttrack.grv.org.au/Meeting/Details/1912570080","https://fasttrack.grv.org.au/RaceField/ViewRaces/1912570080"
"https://fasttrack.grv.org.au/Meeting/Details/1912570082","https://fasttrack.grv.org.au/RaceField/ViewRaces/1912570082"
"https://fasttrack.grv.org.au/Meeting/Details/1912570086","https://fasttrack.grv.org.au/RaceField/ViewRaces/1912570086"
"https://fasttrack.grv.org.au/Meeting/Details/1912570087","https://fasttrack.grv.org.au/RaceField/ViewRaces/1912570087"
"https://fasttrack.grv.org.au/Meeting/Details/1912570088","https://fasttrack.grv.org.au/RaceField/ViewRaces/1912570088"
"https://fasttrack.grv.org.au/Meeting/Details/1912570090","https://fasttrack.grv.org.au/RaceField/ViewRaces/1912570090"
"https://fasttrack.grv.org.au/Meeting/Details/1836910060","https://fasttrack.grv.org.au/RaceField/ViewRaces/1836910060"
"https://fasttrack.grv.org.au/Meeting/Details/1836910061","https://fasttrack.grv.org.au/RaceField/ViewRaces/1836910061"
"https://fasttrack.grv.org.au/Meeting/Details/1836910062","https://fasttrack.grv.org.au/RaceField/ViewRaces/1836910062"
"https://fasttrack.grv.org.au/Meeting/Details/1836910064","https://fasttrack.grv.org.au/RaceField/ViewRaces/1836910064"
"https://fasttrack.grv.org.au/Meeting/Details/1836910066","https://fasttrack.grv.org.au/RaceField/ViewRaces/1836910066"
"https://fasttrack.grv.org.au/Meeting/Details/1836910074","https://fasttrack.grv.org.au/RaceField/ViewRaces/1836910074"
"https://fasttrack.grv.org.au/Meeting/Details/1912570002","https://fasttrack.grv.org.au/RaceField/ViewRaces/1912570002"
"https://fasttrack.grv.org.au/Meeting/Details/1912570004","https://fasttrack.grv.org.au/RaceField/ViewRaces/1912570004"
"https://fasttrack.grv.org.au/Meeting/Details/1912570005","https://fasttrack.grv.org.au/RaceField/ViewRaces/1912570005"
"https://fasttrack.grv.org.au/Meeting/Details/1912570012","https://fasttrack.grv.org.au/RaceField/ViewRaces/1912570012"
"https://fasttrack.grv.org.au/Meeting/Details/1912570014","https://fasttrack.grv.org.au/RaceField/ViewRaces/1912570014"
"https://fasttrack.grv.org.au/Meeting/Details/1912570018","https://fasttrack.grv.org.au/RaceField/ViewRaces/1912570018"
"https://fasttrack.grv.org.au/Meeting/Details/1912570019","https://fasttrack.grv.org.au/RaceField/ViewRaces/1912570019"
"https://fasttrack.grv.org.au/Meeting/Details/1912570021","https://fasttrack.grv.org.au/RaceField/ViewRaces/1912570021"
"https://fasttrack.grv.org.au/Meeting/Details/1912570025","https://fasttrack.grv.org.au/RaceField/ViewRaces/1912570025"
"https://fasttrack.grv.org.au/Meeting/Details/1912570027","https://fasttrack.grv.org.au/RaceField/ViewRaces/1912570027"
"https://fasttrack.grv.org.au/Meeting/Details/1912570029","https://fasttrack.grv.org.au/RaceField/ViewRaces/1912570029"
"https://fasttrack.grv.org.au/Meeting/Details/1912570030","https://fasttrack.grv.org.au/RaceField/ViewRaces/1912570030"
"https://fasttrack.grv.org.au/Meeting/Details/1912570034","https://fasttrack.grv.org.au/RaceField/ViewRaces/1912570034"
"https://fasttrack.grv.org.au/Meeting/Details/1912570035","https://fasttrack.grv.org.au/RaceField/ViewRaces/1912570035"
"https://fasttrack.grv.org.au/Meeting/Details/1912570037","https://fasttrack.grv.org.au/RaceField/ViewRaces/1912570037"
"https://fasttrack.grv.org.au/Meeting/Details/1912570039","https://fasttrack.grv.org.au/RaceField/ViewRaces/1912570039"
"https://fasttrack.grv.org.au/Meeting/Details/1912570043","https://fasttrack.grv.org.au/RaceField/ViewRaces/1912570043"
"https://fasttrack.grv.org.au/Meeting/Details/1912570044","https://fasttrack.grv.org.au/RaceField/ViewRaces/1912570044"
"https://fasttrack.grv.org.au/Meeting/Details/1912570045","https://fasttrack.grv.org.au/RaceField/ViewRaces/1912570045"
"https://fasttrack.grv.org.au/Meeting/Details/1912570047","https://fasttrack.grv.org.au/RaceField/ViewRaces/1912570047"
"https://fasttrack.grv.org.au/Meeting/Details/1912570048","https://fasttrack.grv.org.au/RaceField/ViewRaces/1912570048"
"https://fasttrack.grv.org.au/Meeting/Details/1912570052","https://fasttrack.grv.org.au/RaceField/ViewRaces/1912570052"
"https://fasttrack.grv.org.au/Meeting/Details/1912570053","https://fasttrack.grv.org.au/RaceField/ViewRaces/1912570053"
"https://fasttrack.grv.org.au/Meeting/Details/1912570055","https://fasttrack.grv.org.au/RaceField/ViewRaces/1912570055"
"https://fasttrack.grv.org.au/Meeting/Details/1912570057","https://fasttrack.grv.org.au/RaceField/ViewRaces/1912570057"
"https://fasttrack.grv.org.au/Meeting/Details/1912570062","https://fasttrack.grv.org.au/RaceField/ViewRaces/1912570062"
"https://fasttrack.grv.org.au/Meeting/Details/1912570072","https://fasttrack.grv.org.au/RaceField/ViewRaces/1912570072"
"https://fasttrack.grv.org.au/Meeting/Details/1912570073","https://fasttrack.grv.org.au/RaceField/ViewRaces/1912570073"
"https://fasttrack.grv.org.au/Meeting/Details/1912570074","https://fasttrack.grv.org.au/RaceField/ViewRaces/1912570074"
"https://fasttrack.grv.org.au/Meeting/Details/1912570081","https://fasttrack.grv.org.au/RaceField/ViewRaces/1912570081"
"https://fasttrack.grv.org.au/Meeting/Details/1912570084","https://fasttrack.grv.org.au/RaceField/ViewRaces/1912570084"
"https://fasttrack.grv.org.au/Meeting/Details/1912570065","https://fasttrack.grv.org.au/RaceField/ViewRaces/1912570065"
"https://fasttrack.grv.org.au/Meeting/Details/1955080001","https://fasttrack.grv.org.au/RaceField/ViewRaces/1955080001"
"https://fasttrack.grv.org.au/Meeting/Details/1955080009","https://fasttrack.grv.org.au/RaceField/ViewRaces/1955080009"
"https://fasttrack.grv.org.au/Meeting/Details/1955080011","https://fasttrack.grv.org.au/RaceField/ViewRaces/1955080011"
"https://fasttrack.grv.org.au/Meeting/Details/1955080012","https://fasttrack.grv.org.au/RaceField/ViewRaces/1955080012"
"https://fasttrack.grv.org.au/Meeting/Details/1955080089","https://fasttrack.grv.org.au/RaceField/ViewRaces/1955080089"
"https://fasttrack.grv.org.au/Meeting/Details/1958240008","https://fasttrack.grv.org.au/RaceField/ViewRaces/1958240008"
"https://fasttrack.grv.org.au/Meeting/Details/1955080004","https://fasttrack.grv.org.au/RaceField/ViewRaces/1955080004"
"https://fasttrack.grv.org.au/Meeting/Details/1955080008","https://fasttrack.grv.org.au/RaceField/ViewRaces/1955080008"
"https://fasttrack.grv.org.au/Meeting/Details/1955080014","https://fasttrack.grv.org.au/RaceField/ViewRaces/1955080014"
"https://fasttrack.grv.org.au/Meeting/Details/1955080022","https://fasttrack.grv.org.au/RaceField/ViewRaces/1955080022"
"https://fasttrack.grv.org.au/Meeting/Details/1955080023","https://fasttrack.grv.org.au/RaceField/ViewRaces/1955080023"
"https://fasttrack.grv.org.au/Meeting/Details/1955080029","https://fasttrack.grv.org.au/RaceField/ViewRaces/1955080029"
"https://fasttrack.grv.org.au/Meeting/Details/1955080030","https://fasttrack.grv.org.au/RaceField/ViewRaces/1955080030"
"https://fasttrack.grv.org.au/Meeting/Details/1955080036","https://fasttrack.grv.org.au/RaceField/ViewRaces/1955080036"
"https://fasttrack.grv.org.au/Meeting/Details/1955080037","https://fasttrack.grv.org.au/RaceField/ViewRaces/1955080037"
"https://fasttrack.grv.org.au/Meeting/Details/1955080044","https://fasttrack.grv.org.au/RaceField/ViewRaces/1955080044"
"https://fasttrack.grv.org.au/Meeting/Details/1955080049","https://fasttrack.grv.org.au/RaceField/ViewRaces/1955080049"
"https://fasttrack.grv.org.au/Meeting/Details/1955080050","https://fasttrack.grv.org.au/RaceField/ViewRaces/1955080050"
"https://fasttrack.grv.org.au/Meeting/Details/1955080057","https://fasttrack.grv.org.au/RaceField/ViewRaces/1955080057"
"https://fasttrack.grv.org.au/Meeting/Details/1955080058","https://fasttrack.grv.org.au/RaceField/ViewRaces/1955080058"
"https://fasttrack.grv.org.au/Meeting/Details/1955080073","https://fasttrack.grv.org.au/RaceField/ViewRaces/1955080073"
"https://fasttrack.grv.org.au/Meeting/Details/1955080074","https://fasttrack.grv.org.au/RaceField/ViewRaces/1955080074"
"https://fasttrack.grv.org.au/Meeting/Details/1955080076","https://fasttrack.grv.org.au/RaceField/ViewRaces/1955080076"
"https://fasttrack.grv.org.au/Meeting/Details/1955080078","https://fasttrack.grv.org.au/RaceField/ViewRaces/1955080078"
"https://fasttrack.grv.org.au/Meeting/Details/1955080080","https://fasttrack.grv.org.au/RaceField/ViewRaces/1955080080"
"https://fasttrack.grv.org.au/Meeting/Details/1955080085","https://fasttrack.grv.org.au/RaceField/ViewRaces/1955080085"
"https://fasttrack.grv.org.au/Meeting/Details/2034580001","https://fasttrack.grv.org.au/RaceField/ViewRaces/2034580001"
"https://fasttrack.grv.org.au/Meeting/Details/1955080006","https://fasttrack.grv.org.au/RaceField/ViewRaces/1955080006"
"https://fasttrack.grv.org.au/Meeting/Details/1955080007","https://fasttrack.grv.org.au/RaceField/ViewRaces/1955080007"
"https://fasttrack.grv.org.au/Meeting/Details/1955080010","https://fasttrack.grv.org.au/RaceField/ViewRaces/1955080010"
"https://fasttrack.grv.org.au/Meeting/Details/1955080015","https://fasttrack.grv.org.au/RaceField/ViewRaces/1955080015"
"https://fasttrack.grv.org.au/Meeting/Details/1955080018","https://fasttrack.grv.org.au/RaceField/ViewRaces/1955080018"
"https://fasttrack.grv.org.au/Meeting/Details/1955080021","https://fasttrack.grv.org.au/RaceField/ViewRaces/1955080021"
"https://fasttrack.grv.org.au/Meeting/Details/1955080025","https://fasttrack.grv.org.au/RaceField/ViewRaces/1955080025"
"https://fasttrack.grv.org.au/Meeting/Details/1955080032","https://fasttrack.grv.org.au/RaceField/ViewRaces/1955080032"
"https://fasttrack.grv.org.au/Meeting/Details/1955080034","https://fasttrack.grv.org.au/RaceField/ViewRaces/1955080034"
"https://fasttrack.grv.org.au/Meeting/Details/1955080039","https://fasttrack.grv.org.au/RaceField/ViewRaces/1955080039"
"https://fasttrack.grv.org.au/Meeting/Details/1955080040","https://fasttrack.grv.org.au/RaceField/ViewRaces/1955080040"
"https://fasttrack.grv.org.au/Meeting/Details/1955080045","https://fasttrack.grv.org.au/RaceField/ViewRaces/1955080045"
"https://fasttrack.grv.org.au/Meeting/Details/1955080048","https://fasttrack.grv.org.au/RaceField/ViewRaces/1955080048"
"https://fasttrack.grv.org.au/Meeting/Details/1955080052","https://fasttrack.grv.org.au/RaceField/ViewRaces/1955080052"
"https://fasttrack.grv.org.au/Meeting/Details/1955080053","https://fasttrack.grv.org.au/RaceField/ViewRaces/1955080053"
"https://fasttrack.grv.org.au/Meeting/Details/1955080059","https://fasttrack.grv.org.au/RaceField/ViewRaces/1955080059"
"https://fasttrack.grv.org.au/Meeting/Details/1955080067","https://fasttrack.grv.org.au/RaceField/ViewRaces/1955080067"
"https://fasttrack.grv.org.au/Meeting/Details/1955080070","https://fasttrack.grv.org.au/RaceField/ViewRaces/1955080070"
"https://fasttrack.grv.org.au/Meeting/Details/1955080071","https://fasttrack.grv.org.au/RaceField/ViewRaces/1955080071"
"https://fasttrack.grv.org.au/Meeting/Details/1955080072","https://fasttrack.grv.org.au/RaceField/ViewRaces/1955080072"
"https://fasttrack.grv.org.au/Meeting/Details/1955080075","https://fasttrack.grv.org.au/RaceField/ViewRaces/1955080075"
"https://fasttrack.grv.org.au/Meeting/Details/1955080077","https://fasttrack.grv.org.au/RaceField/ViewRaces/1955080077"
"https://fasttrack.grv.org.au/Meeting/Details/1955080079","https://fasttrack.grv.org.au/RaceField/ViewRaces/1955080079"
"https://fasttrack.grv.org.au/Meeting/Details/1955080083","https://fasttrack.grv.org.au/RaceField/ViewRaces/1955080083"
"https://fasttrack.grv.org.au/Meeting/Details/1955080084","https://fasttrack.grv.org.au/RaceField/ViewRaces/1955080084"
"https://fasttrack.grv.org.au/Meeting/Details/1955080088","https://fasttrack.grv.org.au/RaceField/ViewRaces/1955080088"
"https://fasttrack.grv.org.au/Meeting/Details/1955080090","https://fasttrack.grv.org.au/RaceField/ViewRaces/1955080090"
"https://fasttrack.grv.org.au/Meeting/Details/1955080091","https://fasttrack.grv.org.au/RaceField/ViewRaces/1955080091"
"https://fasttrack.grv.org.au/Meeting/Details/1955080092","https://fasttrack.grv.org.au/RaceField/ViewRaces/1955080092"
"https://fasttrack.grv.org.au/Meeting/Details/1955080093","https://fasttrack.grv.org.au/RaceField/ViewRaces/1955080093"
"https://fasttrack.grv.org.au/Meeting/Details/1955080094","https://fasttrack.grv.org.au/RaceField/ViewRaces/1955080094"
"https://fasttrack.grv.org.au/Meeting/Details/1955080095","https://fasttrack.grv.org.au/RaceField/ViewRaces/1955080095"
"https://fasttrack.grv.org.au/Meeting/Details/1996750001","https://fasttrack.grv.org.au/RaceField/ViewRaces/1996750001"
"https://fasttrack.grv.org.au/Meeting/Details/2074490000","https://fasttrack.grv.org.au/RaceField/ViewRaces/2074490000"
"https://fasttrack.grv.org.au/Meeting/Details/1912570064","https://fasttrack.grv.org.au/RaceField/ViewRaces/1912570064"
"https://fasttrack.grv.org.au/Meeting/Details/1912570066","https://fasttrack.grv.org.au/RaceField/ViewRaces/1912570066"
"https://fasttrack.grv.org.au/Meeting/Details/1912570067","https://fasttrack.grv.org.au/RaceField/ViewRaces/1912570067"
"https://fasttrack.grv.org.au/Meeting/Details/1912570069","https://fasttrack.grv.org.au/RaceField/ViewRaces/1912570069"
"https://fasttrack.grv.org.au/Meeting/Details/1955080002","https://fasttrack.grv.org.au/RaceField/ViewRaces/1955080002"
"https://fasttrack.grv.org.au/Meeting/Details/1955080003","https://fasttrack.grv.org.au/RaceField/ViewRaces/1955080003"
"https://fasttrack.grv.org.au/Meeting/Details/1955080005","https://fasttrack.grv.org.au/RaceField/ViewRaces/1955080005"
"https://fasttrack.grv.org.au/Meeting/Details/1955080013","https://fasttrack.grv.org.au/RaceField/ViewRaces/1955080013"
"https://fasttrack.grv.org.au/Meeting/Details/1955080016","https://fasttrack.grv.org.au/RaceField/ViewRaces/1955080016"
"https://fasttrack.grv.org.au/Meeting/Details/1955080017","https://fasttrack.grv.org.au/RaceField/ViewRaces/1955080017"
"https://fasttrack.grv.org.au/Meeting/Details/1955080019","https://fasttrack.grv.org.au/RaceField/ViewRaces/1955080019"
"https://fasttrack.grv.org.au/Meeting/Details/1955080020","https://fasttrack.grv.org.au/RaceField/ViewRaces/1955080020"
"https://fasttrack.grv.org.au/Meeting/Details/1955080024","https://fasttrack.grv.org.au/RaceField/ViewRaces/1955080024"
"https://fasttrack.grv.org.au/Meeting/Details/1955080026","https://fasttrack.grv.org.au/RaceField/ViewRaces/1955080026"
"https://fasttrack.grv.org.au/Meeting/Details/1955080027","https://fasttrack.grv.org.au/RaceField/ViewRaces/1955080027"
"https://fasttrack.grv.org.au/Meeting/Details/1955080028","https://fasttrack.grv.org.au/RaceField/ViewRaces/1955080028"
"https://fasttrack.grv.org.au/Meeting/Details/1955080031","https://fasttrack.grv.org.au/RaceField/ViewRaces/1955080031"
"https://fasttrack.grv.org.au/Meeting/Details/1955080033","https://fasttrack.grv.org.au/RaceField/ViewRaces/1955080033"
"https://fasttrack.grv.org.au/Meeting/Details/1955080035","https://fasttrack.grv.org.au/RaceField/ViewRaces/1955080035"
"https://fasttrack.grv.org.au/Meeting/Details/1955080038","https://fasttrack.grv.org.au/RaceField/ViewRaces/1955080038"
"https://fasttrack.grv.org.au/Meeting/Details/1955080041","https://fasttrack.grv.org.au/RaceField/ViewRaces/1955080041"
"https://fasttrack.grv.org.au/Meeting/Details/1955080042","https://fasttrack.grv.org.au/RaceField/ViewRaces/1955080042"
"https://fasttrack.grv.org.au/Meeting/Details/1955080043","https://fasttrack.grv.org.au/RaceField/ViewRaces/1955080043"
"https://fasttrack.grv.org.au/Meeting/Details/1955080046","https://fasttrack.grv.org.au/RaceField/ViewRaces/1955080046"
"https://fasttrack.grv.org.au/Meeting/Details/1955080047","https://fasttrack.grv.org.au/RaceField/ViewRaces/1955080047"
"https://fasttrack.grv.org.au/Meeting/Details/1955080051","https://fasttrack.grv.org.au/RaceField/ViewRaces/1955080051"
"https://fasttrack.grv.org.au/Meeting/Details/1955080054","https://fasttrack.grv.org.au/RaceField/ViewRaces/1955080054"
"https://fasttrack.grv.org.au/Meeting/Details/1955080055","https://fasttrack.grv.org.au/RaceField/ViewRaces/1955080055"
"https://fasttrack.grv.org.au/Meeting/Details/1955080056","https://fasttrack.grv.org.au/RaceField/ViewRaces/1955080056"
"https://fasttrack.grv.org.au/Meeting/Details/1955080060","https://fasttrack.grv.org.au/RaceField/ViewRaces/1955080060"
"https://fasttrack.grv.org.au/Meeting/Details/1955080061","https://fasttrack.grv.org.au/RaceField/ViewRaces/1955080061"
"https://fasttrack.grv.org.au/Meeting/Details/1955080068","https://fasttrack.grv.org.au/RaceField/ViewRaces/1955080068"
"https://fasttrack.grv.org.au/Meeting/Details/1955080069","https://fasttrack.grv.org.au/RaceField/ViewRaces/1955080069"
"https://fasttrack.grv.org.au/Meeting/Details/1955080082","https://fasttrack.grv.org.au/RaceField/ViewRaces/1955080082"
"https://fasttrack.grv.org.au/Meeting/Details/1955080086","https://fasttrack.grv.org.au/RaceField/ViewRaces/1955080086"
"https://fasttrack.grv.org.au/Meeting/Details/1955080087","https://fasttrack.grv.org.au/RaceField/ViewRaces/1955080087"
"https://fasttrack.grv.org.au/Meeting/Details/1996750000","https://fasttrack.grv.org.au/RaceField/ViewRaces/1996750000"
"https://fasttrack.grv.org.au/Meeting/Details/2027150092","https://fasttrack.grv.org.au/RaceField/ViewRaces/2027150092"
"https://fasttrack.grv.org.au/Meeting/Details/2027150002","https://fasttrack.grv.org.au/RaceField/ViewRaces/2027150002"
"https://fasttrack.grv.org.au/Meeting/Details/2027150004","https://fasttrack.grv.org.au/RaceField/ViewRaces/2027150004"
"https://fasttrack.grv.org.au/Meeting/Details/2027150005","https://fasttrack.grv.org.au/RaceField/ViewRaces/2027150005"
"https://fasttrack.grv.org.au/Meeting/Details/2027150009","https://fasttrack.grv.org.au/RaceField/ViewRaces/2027150009"
"https://fasttrack.grv.org.au/Meeting/Details/2027150010","https://fasttrack.grv.org.au/RaceField/ViewRaces/2027150010"
"https://fasttrack.grv.org.au/Meeting/Details/2027150016","https://fasttrack.grv.org.au/RaceField/ViewRaces/2027150016"
"https://fasttrack.grv.org.au/Meeting/Details/2027150017","https://fasttrack.grv.org.au/RaceField/ViewRaces/2027150017"
"https://fasttrack.grv.org.au/Meeting/Details/2027150025","https://fasttrack.grv.org.au/RaceField/ViewRaces/2027150025"
"https://fasttrack.grv.org.au/Meeting/Details/2027150026","https://fasttrack.grv.org.au/RaceField/ViewRaces/2027150026"
"https://fasttrack.grv.org.au/Meeting/Details/2027150034","https://fasttrack.grv.org.au/RaceField/ViewRaces/2027150034"
"https://fasttrack.grv.org.au/Meeting/Details/2027150036","https://fasttrack.grv.org.au/RaceField/ViewRaces/2027150036"
"https://fasttrack.grv.org.au/Meeting/Details/2027150037","https://fasttrack.grv.org.au/RaceField/ViewRaces/2027150037"
"https://fasttrack.grv.org.au/Meeting/Details/2027150042","https://fasttrack.grv.org.au/RaceField/ViewRaces/2027150042"
"https://fasttrack.grv.org.au/Meeting/Details/2027150043","https://fasttrack.grv.org.au/RaceField/ViewRaces/2027150043"
"https://fasttrack.grv.org.au/Meeting/Details/2027150050","https://fasttrack.grv.org.au/RaceField/ViewRaces/2027150050"
"https://fasttrack.grv.org.au/Meeting/Details/2027150052","https://fasttrack.grv.org.au/RaceField/ViewRaces/2027150052"
"https://fasttrack.grv.org.au/Meeting/Details/2027150053","https://fasttrack.grv.org.au/RaceField/ViewRaces/2027150053"
"https://fasttrack.grv.org.au/Meeting/Details/2027150060","https://fasttrack.grv.org.au/RaceField/ViewRaces/2027150060"
"https://fasttrack.grv.org.au/Meeting/Details/2027150061","https://fasttrack.grv.org.au/RaceField/ViewRaces/2027150061"
"https://fasttrack.grv.org.au/Meeting/Details/2027150085","https://fasttrack.grv.org.au/RaceField/ViewRaces/2027150085"
"https://fasttrack.grv.org.au/Meeting/Details/2027150087","https://fasttrack.grv.org.au/RaceField/ViewRaces/2027150087"
"https://fasttrack.grv.org.au/Meeting/Details/2027150096","https://fasttrack.grv.org.au/RaceField/ViewRaces/2027150096"
"https://fasttrack.grv.org.au/Meeting/Details/2027150097","https://fasttrack.grv.org.au/RaceField/ViewRaces/2027150097"
"https://fasttrack.grv.org.au/Meeting/Details/2027150098","https://fasttrack.grv.org.au/RaceField/ViewRaces/2027150098"
"https://fasttrack.grv.org.au/Meeting/Details/2027150099","https://fasttrack.grv.org.au/RaceField/ViewRaces/2027150099"
"https://fasttrack.grv.org.au/Meeting/Details/1955080096","https://fasttrack.grv.org.au/RaceField/ViewRaces/1955080096"
"https://fasttrack.grv.org.au/Meeting/Details/2027150001","https://fasttrack.grv.org.au/RaceField/ViewRaces/2027150001"
"https://fasttrack.grv.org.au/Meeting/Details/2027150003","https://fasttrack.grv.org.au/RaceField/ViewRaces/2027150003"
"https://fasttrack.grv.org.au/Meeting/Details/2027150007","https://fasttrack.grv.org.au/RaceField/ViewRaces/2027150007"
"https://fasttrack.grv.org.au/Meeting/Details/2027150008","https://fasttrack.grv.org.au/RaceField/ViewRaces/2027150008"
"https://fasttrack.grv.org.au/Meeting/Details/2027150012","https://fasttrack.grv.org.au/RaceField/ViewRaces/2027150012"
"https://fasttrack.grv.org.au/Meeting/Details/2027150014","https://fasttrack.grv.org.au/RaceField/ViewRaces/2027150014"
"https://fasttrack.grv.org.au/Meeting/Details/2027150015","https://fasttrack.grv.org.au/RaceField/ViewRaces/2027150015"
"https://fasttrack.grv.org.au/Meeting/Details/2027150019","https://fasttrack.grv.org.au/RaceField/ViewRaces/2027150019"
"https://fasttrack.grv.org.au/Meeting/Details/2027150020","https://fasttrack.grv.org.au/RaceField/ViewRaces/2027150020"
"https://fasttrack.grv.org.au/Meeting/Details/2027150022","https://fasttrack.grv.org.au/RaceField/ViewRaces/2027150022"
"https://fasttrack.grv.org.au/Meeting/Details/2027150027","https://fasttrack.grv.org.au/RaceField/ViewRaces/2027150027"
"https://fasttrack.grv.org.au/Meeting/Details/2027150030","https://fasttrack.grv.org.au/RaceField/ViewRaces/2027150030"
"https://fasttrack.grv.org.au/Meeting/Details/2027150032","https://fasttrack.grv.org.au/RaceField/ViewRaces/2027150032"
"https://fasttrack.grv.org.au/Meeting/Details/2027150035","https://fasttrack.grv.org.au/RaceField/ViewRaces/2027150035"
"https://fasttrack.grv.org.au/Meeting/Details/2027150040","https://fasttrack.grv.org.au/RaceField/ViewRaces/2027150040"
"https://fasttrack.grv.org.au/Meeting/Details/2027150044","https://fasttrack.grv.org.au/RaceField/ViewRaces/2027150044"
"https://fasttrack.grv.org.au/Meeting/Details/2027150046","https://fasttrack.grv.org.au/RaceField/ViewRaces/2027150046"
"https://fasttrack.grv.org.au/Meeting/Details/2027150048","https://fasttrack.grv.org.au/RaceField/ViewRaces/2027150048"
"https://fasttrack.grv.org.au/Meeting/Details/2027150051","https://fasttrack.grv.org.au/RaceField/ViewRaces/2027150051"
"https://fasttrack.grv.org.au/Meeting/Details/2027150055","https://fasttrack.grv.org.au/RaceField/ViewRaces/2027150055"
"https://fasttrack.grv.org.au/Meeting/Details/2027150056","https://fasttrack.grv.org.au/RaceField/ViewRaces/2027150056"
"https://fasttrack.grv.org.au/Meeting/Details/2027150058","https://fasttrack.grv.org.au/RaceField/ViewRaces/2027150058"
"https://fasttrack.grv.org.au/Meeting/Details/2027150062","https://fasttrack.grv.org.au/RaceField/ViewRaces/2027150062"
"https://fasttrack.grv.org.au/Meeting/Details/2027150064","https://fasttrack.grv.org.au/RaceField/ViewRaces/2027150064"
"https://fasttrack.grv.org.au/Meeting/Details/2027150066","https://fasttrack.grv.org.au/RaceField/ViewRaces/2027150066"
"https://fasttrack.grv.org.au/Meeting/Details/2027150078","https://fasttrack.grv.org.au/RaceField/ViewRaces/2027150078"
"https://fasttrack.grv.org.au/Meeting/Details/2027150079","https://fasttrack.grv.org.au/RaceField/ViewRaces/2027150079"
"https://fasttrack.grv.org.au/Meeting/Details/2027150086","https://fasttrack.grv.org.au/RaceField/ViewRaces/2027150086"
"https://fasttrack.grv.org.au/Meeting/Details/2027150089","https://fasttrack.grv.org.au/RaceField/ViewRaces/2027150089"
"https://fasttrack.grv.org.au/Meeting/Details/2027150090","https://fasttrack.grv.org.au/RaceField/ViewRaces/2027150090"
"https://fasttrack.grv.org.au/Meeting/Details/2027150093","https://fasttrack.grv.org.au/RaceField/ViewRaces/2027150093"
"https://fasttrack.grv.org.au/Meeting/Details/2027150094","https://fasttrack.grv.org.au/RaceField/ViewRaces/2027150094"
"https://fasttrack.grv.org.au/Meeting/Details/2027150095","https://fasttrack.grv.org.au/RaceField/ViewRaces/2027150095"
"https://fasttrack.grv.org.au/Meeting/Details/1955080062","https://fasttrack.grv.org.au/RaceField/ViewRaces/1955080062"
"https://fasttrack.grv.org.au/Meeting/Details/1955080063","https://fasttrack.grv.org.au/RaceField/ViewRaces/1955080063"
"https://fasttrack.grv.org.au/Meeting/Details/1955080064","https://fasttrack.grv.org.au/RaceField/ViewRaces/1955080064"
"https://fasttrack.grv.org.au/Meeting/Details/1955080065","https://fasttrack.grv.org.au/RaceField/ViewRaces/1955080065"
"https://fasttrack.grv.org.au/Meeting/Details/1955080066","https://fasttrack.grv.org.au/RaceField/ViewRaces/1955080066"
"https://fasttrack.grv.org.au/Meeting/Details/2027150000","https://fasttrack.grv.org.au/RaceField/ViewRaces/2027150000"
"https://fasttrack.grv.org.au/Meeting/Details/2027150006","https://fasttrack.grv.org.au/RaceField/ViewRaces/2027150006"
"https://fasttrack.grv.org.au/Meeting/Details/2027150011","https://fasttrack.grv.org.au/RaceField/ViewRaces/2027150011"
"https://fasttrack.grv.org.au/Meeting/Details/2027150013","https://fasttrack.grv.org.au/RaceField/ViewRaces/2027150013"
"https://fasttrack.grv.org.au/Meeting/Details/2027150018","https://fasttrack.grv.org.au/RaceField/ViewRaces/2027150018"
"https://fasttrack.grv.org.au/Meeting/Details/2027150021","https://fasttrack.grv.org.au/RaceField/ViewRaces/2027150021"
"https://fasttrack.grv.org.au/Meeting/Details/2027150023","https://fasttrack.grv.org.au/RaceField/ViewRaces/2027150023"
"https://fasttrack.grv.org.au/Meeting/Details/2027150024","https://fasttrack.grv.org.au/RaceField/ViewRaces/2027150024"
"https://fasttrack.grv.org.au/Meeting/Details/2027150028","https://fasttrack.grv.org.au/RaceField/ViewRaces/2027150028"
"https://fasttrack.grv.org.au/Meeting/Details/2027150029","https://fasttrack.grv.org.au/RaceField/ViewRaces/2027150029"
"https://fasttrack.grv.org.au/Meeting/Details/2027150031","https://fasttrack.grv.org.au/RaceField/ViewRaces/2027150031"
"https://fasttrack.grv.org.au/Meeting/Details/2027150033","https://fasttrack.grv.org.au/RaceField/ViewRaces/2027150033"
"https://fasttrack.grv.org.au/Meeting/Details/2027150038","https://fasttrack.grv.org.au/RaceField/ViewRaces/2027150038"
"https://fasttrack.grv.org.au/Meeting/Details/2027150039","https://fasttrack.grv.org.au/RaceField/ViewRaces/2027150039"
"https://fasttrack.grv.org.au/Meeting/Details/2027150041","https://fasttrack.grv.org.au/RaceField/ViewRaces/2027150041"
"https://fasttrack.grv.org.au/Meeting/Details/2027150045","https://fasttrack.grv.org.au/RaceField/ViewRaces/2027150045"
"https://fasttrack.grv.org.au/Meeting/Details/2027150047","https://fasttrack.grv.org.au/RaceField/ViewRaces/2027150047"
"https://fasttrack.grv.org.au/Meeting/Details/2027150049","https://fasttrack.grv.org.au/RaceField/ViewRaces/2027150049"
"https://fasttrack.grv.org.au/Meeting/Details/2027150054","https://fasttrack.grv.org.au/RaceField/ViewRaces/2027150054"
"https://fasttrack.grv.org.au/Meeting/Details/2027150057","https://fasttrack.grv.org.au/RaceField/ViewRaces/2027150057"
"https://fasttrack.grv.org.au/Meeting/Details/2027150059","https://fasttrack.grv.org.au/RaceField/ViewRaces/2027150059"
"https://fasttrack.grv.org.au/Meeting/Details/2027150063","https://fasttrack.grv.org.au/RaceField/ViewRaces/2027150063"
"https://fasttrack.grv.org.au/Meeting/Details/2027150065","https://fasttrack.grv.org.au/RaceField/ViewRaces/2027150065"
"https://fasttrack.grv.org.au/Meeting/Details/2027150067","https://fasttrack.grv.org.au/RaceField/ViewRaces/2027150067"
"https://fasttrack.grv.org.au/Meeting/Details/2027150080","https://fasttrack.grv.org.au/RaceField/ViewRaces/2027150080"
"https://fasttrack.grv.org.au/Meeting/Details/2027150081","https://fasttrack.grv.org.au/RaceField/ViewRaces/2027150081"
"https://fasttrack.grv.org.au/Meeting/Details/2027150082","https://fasttrack.grv.org.au/RaceField/ViewRaces/2027150082"
"https://fasttrack.grv.org.au/Meeting/Details/2027150083","https://fasttrack.grv.org.au/RaceField/ViewRaces/2027150083"
"https://fasttrack.grv.org.au/Meeting/Details/2027150088","https://fasttrack.grv.org.au/RaceField/ViewRaces/2027150088"
"https://fasttrack.grv.org.au/Meeting/Details/2027150100","https://fasttrack.grv.org.au/RaceField/ViewRaces/2027150100"
"https://fasttrack.grv.org.au/Meeting/Details/2099110000","https://fasttrack.grv.org.au/RaceField/ViewRaces/2099110000"
"https://fasttrack.grv.org.au/Meeting/Details/2099110001","https://fasttrack.grv.org.au/RaceField/ViewRaces/2099110001"
"https://fasttrack.grv.org.au/Meeting/Details/2099120000","https://fasttrack.grv.org.au/RaceField/ViewRaces/2099120000"
"https://fasttrack.grv.org.au/Meeting/Details/2135420083","https://fasttrack.grv.org.au/RaceField/ViewRaces/2135420083"
"https://fasttrack.grv.org.au/Meeting/Details/2027150069","https://fasttrack.grv.org.au/RaceField/ViewRaces/2027150069"
"https://fasttrack.grv.org.au/Meeting/Details/2135420000","https://fasttrack.grv.org.au/RaceField/ViewRaces/2135420000"
"https://fasttrack.grv.org.au/Meeting/Details/2135420003","https://fasttrack.grv.org.au/RaceField/ViewRaces/2135420003"
"https://fasttrack.grv.org.au/Meeting/Details/2135420004","https://fasttrack.grv.org.au/RaceField/ViewRaces/2135420004"
"https://fasttrack.grv.org.au/Meeting/Details/2135420005","https://fasttrack.grv.org.au/RaceField/ViewRaces/2135420005"
"https://fasttrack.grv.org.au/Meeting/Details/2135420007","https://fasttrack.grv.org.au/RaceField/ViewRaces/2135420007"
"https://fasttrack.grv.org.au/Meeting/Details/2135420008","https://fasttrack.grv.org.au/RaceField/ViewRaces/2135420008"
"https://fasttrack.grv.org.au/Meeting/Details/2135420016","https://fasttrack.grv.org.au/RaceField/ViewRaces/2135420016"
"https://fasttrack.grv.org.au/Meeting/Details/2135420017","https://fasttrack.grv.org.au/RaceField/ViewRaces/2135420017"
"https://fasttrack.grv.org.au/Meeting/Details/2135420025","https://fasttrack.grv.org.au/RaceField/ViewRaces/2135420025"
"https://fasttrack.grv.org.au/Meeting/Details/2135420027","https://fasttrack.grv.org.au/RaceField/ViewRaces/2135420027"
"https://fasttrack.grv.org.au/Meeting/Details/2135420028","https://fasttrack.grv.org.au/RaceField/ViewRaces/2135420028"
"https://fasttrack.grv.org.au/Meeting/Details/2135420036","https://fasttrack.grv.org.au/RaceField/ViewRaces/2135420036"
"https://fasttrack.grv.org.au/Meeting/Details/2135420037","https://fasttrack.grv.org.au/RaceField/ViewRaces/2135420037"
"https://fasttrack.grv.org.au/Meeting/Details/2135420044","https://fasttrack.grv.org.au/RaceField/ViewRaces/2135420044"
"https://fasttrack.grv.org.au/Meeting/Details/2135420046","https://fasttrack.grv.org.au/RaceField/ViewRaces/2135420046"
"https://fasttrack.grv.org.au/Meeting/Details/2135420047","https://fasttrack.grv.org.au/RaceField/ViewRaces/2135420047"
"https://fasttrack.grv.org.au/Meeting/Details/2135420054","https://fasttrack.grv.org.au/RaceField/ViewRaces/2135420054"
"https://fasttrack.grv.org.au/Meeting/Details/2135420055","https://fasttrack.grv.org.au/RaceField/ViewRaces/2135420055"
"https://fasttrack.grv.org.au/Meeting/Details/2135420063","https://fasttrack.grv.org.au/RaceField/ViewRaces/2135420063"
"https://fasttrack.grv.org.au/Meeting/Details/2135420065","https://fasttrack.grv.org.au/RaceField/ViewRaces/2135420065"
"https://fasttrack.grv.org.au/Meeting/Details/2135420066","https://fasttrack.grv.org.au/RaceField/ViewRaces/2135420066"
"https://fasttrack.grv.org.au/Meeting/Details/2135420088","https://fasttrack.grv.org.au/RaceField/ViewRaces/2135420088"
"https://fasttrack.grv.org.au/Meeting/Details/2135420097","https://fasttrack.grv.org.au/RaceField/ViewRaces/2135420097"
"https://fasttrack.grv.org.au/Meeting/Details/2135420098","https://fasttrack.grv.org.au/RaceField/ViewRaces/2135420098"
"https://fasttrack.grv.org.au/Meeting/Details/112949450","https://fasttrack.grv.org.au/RaceField/ViewRaces/112949450"
"https://fasttrack.grv.org.au/Meeting/Details/2027150068","https://fasttrack.grv.org.au/RaceField/ViewRaces/2027150068"
"https://fasttrack.grv.org.au/Meeting/Details/2027150074","https://fasttrack.grv.org.au/RaceField/ViewRaces/2027150074"
"https://fasttrack.grv.org.au/Meeting/Details/2027150076","https://fasttrack.grv.org.au/RaceField/ViewRaces/2027150076"
"https://fasttrack.grv.org.au/Meeting/Details/2135420001","https://fasttrack.grv.org.au/RaceField/ViewRaces/2135420001"
"https://fasttrack.grv.org.au/Meeting/Details/2135420002","https://fasttrack.grv.org.au/RaceField/ViewRaces/2135420002"
"https://fasttrack.grv.org.au/Meeting/Details/2135420006","https://fasttrack.grv.org.au/RaceField/ViewRaces/2135420006"
"https://fasttrack.grv.org.au/Meeting/Details/2135420010","https://fasttrack.grv.org.au/RaceField/ViewRaces/2135420010"
"https://fasttrack.grv.org.au/Meeting/Details/2135420011","https://fasttrack.grv.org.au/RaceField/ViewRaces/2135420011"
"https://fasttrack.grv.org.au/Meeting/Details/2135420013","https://fasttrack.grv.org.au/RaceField/ViewRaces/2135420013"
"https://fasttrack.grv.org.au/Meeting/Details/2135420018","https://fasttrack.grv.org.au/RaceField/ViewRaces/2135420018"
"https://fasttrack.grv.org.au/Meeting/Details/2135420021","https://fasttrack.grv.org.au/RaceField/ViewRaces/2135420021"
"https://fasttrack.grv.org.au/Meeting/Details/2135420023","https://fasttrack.grv.org.au/RaceField/ViewRaces/2135420023"
"https://fasttrack.grv.org.au/Meeting/Details/2135420026","https://fasttrack.grv.org.au/RaceField/ViewRaces/2135420026"
"https://fasttrack.grv.org.au/Meeting/Details/2135420030","https://fasttrack.grv.org.au/RaceField/ViewRaces/2135420030"
"https://fasttrack.grv.org.au/Meeting/Details/2135420031","https://fasttrack.grv.org.au/RaceField/ViewRaces/2135420031"
"https://fasttrack.grv.org.au/Meeting/Details/2135420033","https://fasttrack.grv.org.au/RaceField/ViewRaces/2135420033"
"https://fasttrack.grv.org.au/Meeting/Details/2135420040","https://fasttrack.grv.org.au/RaceField/ViewRaces/2135420040"
"https://fasttrack.grv.org.au/Meeting/Details/2135420042","https://fasttrack.grv.org.au/RaceField/ViewRaces/2135420042"
"https://fasttrack.grv.org.au/Meeting/Details/2135420045","https://fasttrack.grv.org.au/RaceField/ViewRaces/2135420045"
"https://fasttrack.grv.org.au/Meeting/Details/2135420049","https://fasttrack.grv.org.au/RaceField/ViewRaces/2135420049"
"https://fasttrack.grv.org.au/Meeting/Details/2135420050","https://fasttrack.grv.org.au/RaceField/ViewRaces/2135420050"
"https://fasttrack.grv.org.au/Meeting/Details/2135420056","https://fasttrack.grv.org.au/RaceField/ViewRaces/2135420056"
"https://fasttrack.grv.org.au/Meeting/Details/2135420061","https://fasttrack.grv.org.au/RaceField/ViewRaces/2135420061"
"https://fasttrack.grv.org.au/Meeting/Details/2135420064","https://fasttrack.grv.org.au/RaceField/ViewRaces/2135420064"
"https://fasttrack.grv.org.au/Meeting/Details/2135420068","https://fasttrack.grv.org.au/RaceField/ViewRaces/2135420068"
"https://fasttrack.grv.org.au/Meeting/Details/2135420069","https://fasttrack.grv.org.au/RaceField/ViewRaces/2135420069"
"https://fasttrack.grv.org.au/Meeting/Details/2135420085","https://fasttrack.grv.org.au/RaceField/ViewRaces/2135420085"
"https://fasttrack.grv.org.au/Meeting/Details/2135420086","https://fasttrack.grv.org.au/RaceField/ViewRaces/2135420086"
"https://fasttrack.grv.org.au/Meeting/Details/2135420089","https://fasttrack.grv.org.au/RaceField/ViewRaces/2135420089"
"https://fasttrack.grv.org.au/Meeting/Details/2135420091","https://fasttrack.grv.org.au/RaceField/ViewRaces/2135420091"
"https://fasttrack.grv.org.au/Meeting/Details/2135420092","https://fasttrack.grv.org.au/RaceField/ViewRaces/2135420092"
"https://fasttrack.grv.org.au/Meeting/Details/2135420093","https://fasttrack.grv.org.au/RaceField/ViewRaces/2135420093"
"https://fasttrack.grv.org.au/Meeting/Details/2135420094","https://fasttrack.grv.org.au/RaceField/ViewRaces/2135420094"
"https://fasttrack.grv.org.au/Meeting/Details/2135420095","https://fasttrack.grv.org.au/RaceField/ViewRaces/2135420095"
"https://fasttrack.grv.org.au/Meeting/Details/2135420099","https://fasttrack.grv.org.au/RaceField/ViewRaces/2135420099"
"https://fasttrack.grv.org.au/Meeting/Details/112949451","https://fasttrack.grv.org.au/RaceField/ViewRaces/112949451"
"https://fasttrack.grv.org.au/Meeting/Details/2027150070","https://fasttrack.grv.org.au/RaceField/ViewRaces/2027150070"
"https://fasttrack.grv.org.au/Meeting/Details/2027150071","https://fasttrack.grv.org.au/RaceField/ViewRaces/2027150071"
"https://fasttrack.grv.org.au/Meeting/Details/2027150072","https://fasttrack.grv.org.au/RaceField/ViewRaces/2027150072"
"https://fasttrack.grv.org.au/Meeting/Details/2027150073","https://fasttrack.grv.org.au/RaceField/ViewRaces/2027150073"
"https://fasttrack.grv.org.au/Meeting/Details/2027150075","https://fasttrack.grv.org.au/RaceField/ViewRaces/2027150075"
"https://fasttrack.grv.org.au/Meeting/Details/2027150077","https://fasttrack.grv.org.au/RaceField/ViewRaces/2027150077"
"https://fasttrack.grv.org.au/Meeting/Details/2027150084","https://fasttrack.grv.org.au/RaceField/ViewRaces/2027150084"
"https://fasttrack.grv.org.au/Meeting/Details/2135420009","https://fasttrack.grv.org.au/RaceField/ViewRaces/2135420009"
"https://fasttrack.grv.org.au/Meeting/Details/2135420012","https://fasttrack.grv.org.au/RaceField/ViewRaces/2135420012"
"https://fasttrack.grv.org.au/Meeting/Details/2135420014","https://fasttrack.grv.org.au/RaceField/ViewRaces/2135420014"
"https://fasttrack.grv.org.au/Meeting/Details/2135420015","https://fasttrack.grv.org.au/RaceField/ViewRaces/2135420015"
"https://fasttrack.grv.org.au/Meeting/Details/2135420019","https://fasttrack.grv.org.au/RaceField/ViewRaces/2135420019"
"https://fasttrack.grv.org.au/Meeting/Details/2135420020","https://fasttrack.grv.org.au/RaceField/ViewRaces/2135420020"
"https://fasttrack.grv.org.au/Meeting/Details/2135420022","https://fasttrack.grv.org.au/RaceField/ViewRaces/2135420022"
"https://fasttrack.grv.org.au/Meeting/Details/2135420024","https://fasttrack.grv.org.au/RaceField/ViewRaces/2135420024"
"https://fasttrack.grv.org.au/Meeting/Details/2135420029","https://fasttrack.grv.org.au/RaceField/ViewRaces/2135420029"
"https://fasttrack.grv.org.au/Meeting/Details/2135420032","https://fasttrack.grv.org.au/RaceField/ViewRaces/2135420032"
"https://fasttrack.grv.org.au/Meeting/Details/2135420034","https://fasttrack.grv.org.au/RaceField/ViewRaces/2135420034"
"https://fasttrack.grv.org.au/Meeting/Details/2135420035","https://fasttrack.grv.org.au/RaceField/ViewRaces/2135420035"
"https://fasttrack.grv.org.au/Meeting/Details/2135420038","https://fasttrack.grv.org.au/RaceField/ViewRaces/2135420038"
"https://fasttrack.grv.org.au/Meeting/Details/2135420039","https://fasttrack.grv.org.au/RaceField/ViewRaces/2135420039"
"https://fasttrack.grv.org.au/Meeting/Details/2135420041","https://fasttrack.grv.org.au/RaceField/ViewRaces/2135420041"
"https://fasttrack.grv.org.au/Meeting/Details/2135420043","https://fasttrack.grv.org.au/RaceField/ViewRaces/2135420043"
"https://fasttrack.grv.org.au/Meeting/Details/2135420048","https://fasttrack.grv.org.au/RaceField/ViewRaces/2135420048"
"https://fasttrack.grv.org.au/Meeting/Details/2135420051","https://fasttrack.grv.org.au/RaceField/ViewRaces/2135420051"
"https://fasttrack.grv.org.au/Meeting/Details/2135420052","https://fasttrack.grv.org.au/RaceField/ViewRaces/2135420052"
"https://fasttrack.grv.org.au/Meeting/Details/2135420053","https://fasttrack.grv.org.au/RaceField/ViewRaces/2135420053"
"https://fasttrack.grv.org.au/Meeting/Details/2135420057","https://fasttrack.grv.org.au/RaceField/ViewRaces/2135420057"
"https://fasttrack.grv.org.au/Meeting/Details/2135420058","https://fasttrack.grv.org.au/RaceField/ViewRaces/2135420058"
"https://fasttrack.grv.org.au/Meeting/Details/2135420060","https://fasttrack.grv.org.au/RaceField/ViewRaces/2135420060"
"https://fasttrack.grv.org.au/Meeting/Details/2135420062","https://fasttrack.grv.org.au/RaceField/ViewRaces/2135420062"
"https://fasttrack.grv.org.au/Meeting/Details/2135420067","https://fasttrack.grv.org.au/RaceField/ViewRaces/2135420067"
"https://fasttrack.grv.org.au/Meeting/Details/2135420070","https://fasttrack.grv.org.au/RaceField/ViewRaces/2135420070"
"https://fasttrack.grv.org.au/Meeting/Details/2135420082","https://fasttrack.grv.org.au/RaceField/ViewRaces/2135420082"
"https://fasttrack.grv.org.au/Meeting/Details/2099110002","https://fasttrack.grv.org.au/RaceField/ViewRaces/2099110002"
"https://fasttrack.grv.org.au/Meeting/Details/2099120001","https://fasttrack.grv.org.au/RaceField/ViewRaces/2099120001"
"https://fasttrack.grv.org.au/Meeting/Details/2099130000","https://fasttrack.grv.org.au/RaceField/ViewRaces/2099130000"
"https://fasttrack.grv.org.au/Meeting/Details/114836716","https://fasttrack.grv.org.au/RaceField/ViewRaces/114836716"
"https://fasttrack.grv.org.au/Meeting/Details/114836717","https://fasttrack.grv.org.au/RaceField/ViewRaces/114836717"
"https://fasttrack.grv.org.au/Meeting/Details/114836725","https://fasttrack.grv.org.au/RaceField/ViewRaces/114836725"
"https://fasttrack.grv.org.au/Meeting/Details/114836726","https://fasttrack.grv.org.au/RaceField/ViewRaces/114836726"
"https://fasttrack.grv.org.au/Meeting/Details/114836729","https://fasttrack.grv.org.au/RaceField/ViewRaces/114836729"
"https://fasttrack.grv.org.au/Meeting/Details/114836730","https://fasttrack.grv.org.au/RaceField/ViewRaces/114836730"
"https://fasttrack.grv.org.au/Meeting/Details/114836734","https://fasttrack.grv.org.au/RaceField/ViewRaces/114836734"
"https://fasttrack.grv.org.au/Meeting/Details/114836735","https://fasttrack.grv.org.au/RaceField/ViewRaces/114836735"
"https://fasttrack.grv.org.au/Meeting/Details/114836744","https://fasttrack.grv.org.au/RaceField/ViewRaces/114836744"
"https://fasttrack.grv.org.au/Meeting/Details/114836745","https://fasttrack.grv.org.au/RaceField/ViewRaces/114836745"
"https://fasttrack.grv.org.au/Meeting/Details/114836751","https://fasttrack.grv.org.au/RaceField/ViewRaces/114836751"
"https://fasttrack.grv.org.au/Meeting/Details/114836752","https://fasttrack.grv.org.au/RaceField/ViewRaces/114836752"
"https://fasttrack.grv.org.au/Meeting/Details/114836760","https://fasttrack.grv.org.au/RaceField/ViewRaces/114836760"
"https://fasttrack.grv.org.au/Meeting/Details/114836762","https://fasttrack.grv.org.au/RaceField/ViewRaces/114836762"
"https://fasttrack.grv.org.au/Meeting/Details/114836769","https://fasttrack.grv.org.au/RaceField/ViewRaces/114836769"
"https://fasttrack.grv.org.au/Meeting/Details/114836770","https://fasttrack.grv.org.au/RaceField/ViewRaces/114836770"
"https://fasttrack.grv.org.au/Meeting/Details/114836777","https://fasttrack.grv.org.au/RaceField/ViewRaces/114836777"
"https://fasttrack.grv.org.au/Meeting/Details/114836778","https://fasttrack.grv.org.au/RaceField/ViewRaces/114836778"
"https://fasttrack.grv.org.au/Meeting/Details/114836785","https://fasttrack.grv.org.au/RaceField/ViewRaces/114836785"
"https://fasttrack.grv.org.au/Meeting/Details/114836795","https://fasttrack.grv.org.au/RaceField/ViewRaces/114836795"
"https://fasttrack.grv.org.au/Meeting/Details/114836804","https://fasttrack.grv.org.au/RaceField/ViewRaces/114836804"
"https://fasttrack.grv.org.au/Meeting/Details/116043625","https://fasttrack.grv.org.au/RaceField/ViewRaces/116043625"
"https://fasttrack.grv.org.au/Meeting/Details/2135420075","https://fasttrack.grv.org.au/RaceField/ViewRaces/2135420075"
"https://fasttrack.grv.org.au/Meeting/Details/2135420084","https://fasttrack.grv.org.au/RaceField/ViewRaces/2135420084"
"https://fasttrack.grv.org.au/Meeting/Details/114836720","https://fasttrack.grv.org.au/RaceField/ViewRaces/114836720"
"https://fasttrack.grv.org.au/Meeting/Details/114836722","https://fasttrack.grv.org.au/RaceField/ViewRaces/114836722"
"https://fasttrack.grv.org.au/Meeting/Details/114836727","https://fasttrack.grv.org.au/RaceField/ViewRaces/114836727"
"https://fasttrack.grv.org.au/Meeting/Details/114836728","https://fasttrack.grv.org.au/RaceField/ViewRaces/114836728"
"https://fasttrack.grv.org.au/Meeting/Details/114836731","https://fasttrack.grv.org.au/RaceField/ViewRaces/114836731"
"https://fasttrack.grv.org.au/Meeting/Details/114836732","https://fasttrack.grv.org.au/RaceField/ViewRaces/114836732"
"https://fasttrack.grv.org.au/Meeting/Details/114836736","https://fasttrack.grv.org.au/RaceField/ViewRaces/114836736"
"https://fasttrack.grv.org.au/Meeting/Details/114836739","https://fasttrack.grv.org.au/RaceField/ViewRaces/114836739"
"https://fasttrack.grv.org.au/Meeting/Details/114836741","https://fasttrack.grv.org.au/RaceField/ViewRaces/114836741"
"https://fasttrack.grv.org.au/Meeting/Details/114836743","https://fasttrack.grv.org.au/RaceField/ViewRaces/114836743"
"https://fasttrack.grv.org.au/Meeting/Details/114836747","https://fasttrack.grv.org.au/RaceField/ViewRaces/114836747"
"https://fasttrack.grv.org.au/Meeting/Details/114836748","https://fasttrack.grv.org.au/RaceField/ViewRaces/114836748"
"https://fasttrack.grv.org.au/Meeting/Details/114836753","https://fasttrack.grv.org.au/RaceField/ViewRaces/114836753"
"https://fasttrack.grv.org.au/Meeting/Details/114836756","https://fasttrack.grv.org.au/RaceField/ViewRaces/114836756"
"https://fasttrack.grv.org.au/Meeting/Details/114836758","https://fasttrack.grv.org.au/RaceField/ViewRaces/114836758"
"https://fasttrack.grv.org.au/Meeting/Details/114836761","https://fasttrack.grv.org.au/RaceField/ViewRaces/114836761"
"https://fasttrack.grv.org.au/Meeting/Details/114836764","https://fasttrack.grv.org.au/RaceField/ViewRaces/114836764"
"https://fasttrack.grv.org.au/Meeting/Details/114836766","https://fasttrack.grv.org.au/RaceField/ViewRaces/114836766"
"https://fasttrack.grv.org.au/Meeting/Details/114836771","https://fasttrack.grv.org.au/RaceField/ViewRaces/114836771"
"https://fasttrack.grv.org.au/Meeting/Details/114836773","https://fasttrack.grv.org.au/RaceField/ViewRaces/114836773"
"https://fasttrack.grv.org.au/Meeting/Details/114836775","https://fasttrack.grv.org.au/RaceField/ViewRaces/114836775"
"https://fasttrack.grv.org.au/Meeting/Details/114836780","https://fasttrack.grv.org.au/RaceField/ViewRaces/114836780"
"https://fasttrack.grv.org.au/Meeting/Details/114836781","https://fasttrack.grv.org.au/RaceField/ViewRaces/114836781"
"https://fasttrack.grv.org.au/Meeting/Details/114836786","https://fasttrack.grv.org.au/RaceField/ViewRaces/114836786"
"https://fasttrack.grv.org.au/Meeting/Details/114836789","https://fasttrack.grv.org.au/RaceField/ViewRaces/114836789"
"https://fasttrack.grv.org.au/Meeting/Details/114836790","https://fasttrack.grv.org.au/RaceField/ViewRaces/114836790"
"https://fasttrack.grv.org.au/Meeting/Details/114836791","https://fasttrack.grv.org.au/RaceField/ViewRaces/114836791"
"https://fasttrack.grv.org.au/Meeting/Details/114836792","https://fasttrack.grv.org.au/RaceField/ViewRaces/114836792"
"https://fasttrack.grv.org.au/Meeting/Details/114836799","https://fasttrack.grv.org.au/RaceField/ViewRaces/114836799"
"https://fasttrack.grv.org.au/Meeting/Details/114836800","https://fasttrack.grv.org.au/RaceField/ViewRaces/114836800"
"https://fasttrack.grv.org.au/Meeting/Details/114836801","https://fasttrack.grv.org.au/RaceField/ViewRaces/114836801"
"https://fasttrack.grv.org.au/Meeting/Details/114836802","https://fasttrack.grv.org.au/RaceField/ViewRaces/114836802"
"https://fasttrack.grv.org.au/Meeting/Details/114836803","https://fasttrack.grv.org.au/RaceField/ViewRaces/114836803"
"https://fasttrack.grv.org.au/Meeting/Details/2135420076","https://fasttrack.grv.org.au/RaceField/ViewRaces/2135420076"
"https://fasttrack.grv.org.au/Meeting/Details/2135420078","https://fasttrack.grv.org.au/RaceField/ViewRaces/2135420078"
"https://fasttrack.grv.org.au/Meeting/Details/114836715","https://fasttrack.grv.org.au/RaceField/ViewRaces/114836715"
"https://fasttrack.grv.org.au/Meeting/Details/114836719","https://fasttrack.grv.org.au/RaceField/ViewRaces/114836719"
"https://fasttrack.grv.org.au/Meeting/Details/114836723","https://fasttrack.grv.org.au/RaceField/ViewRaces/114836723"
"https://fasttrack.grv.org.au/Meeting/Details/114836724","https://fasttrack.grv.org.au/RaceField/ViewRaces/114836724"
"https://fasttrack.grv.org.au/Meeting/Details/114836733","https://fasttrack.grv.org.au/RaceField/ViewRaces/114836733"
"https://fasttrack.grv.org.au/Meeting/Details/114836737","https://fasttrack.grv.org.au/RaceField/ViewRaces/114836737"
"https://fasttrack.grv.org.au/Meeting/Details/114836738","https://fasttrack.grv.org.au/RaceField/ViewRaces/114836738"
"https://fasttrack.grv.org.au/Meeting/Details/114836740","https://fasttrack.grv.org.au/RaceField/ViewRaces/114836740"
"https://fasttrack.grv.org.au/Meeting/Details/114836742","https://fasttrack.grv.org.au/RaceField/ViewRaces/114836742"
"https://fasttrack.grv.org.au/Meeting/Details/114836746","https://fasttrack.grv.org.au/RaceField/ViewRaces/114836746"
"https://fasttrack.grv.org.au/Meeting/Details/114836749","https://fasttrack.grv.org.au/RaceField/ViewRaces/114836749"
"https://fasttrack.grv.org.au/Meeting/Details/114836750","https://fasttrack.grv.org.au/RaceField/ViewRaces/114836750"
"https://fasttrack.grv.org.au/Meeting/Details/114836754","https://fasttrack.grv.org.au/RaceField/ViewRaces/114836754"
"https://fasttrack.grv.org.au/Meeting/Details/114836755","https://fasttrack.grv.org.au/RaceField/ViewRaces/114836755"
"https://fasttrack.grv.org.au/Meeting/Details/114836757","https://fasttrack.grv.org.au/RaceField/ViewRaces/114836757"
"https://fasttrack.grv.org.au/Meeting/Details/114836759","https://fasttrack.grv.org.au/RaceField/ViewRaces/114836759"
"https://fasttrack.grv.org.au/Meeting/Details/114836763","https://fasttrack.grv.org.au/RaceField/ViewRaces/114836763"
"https://fasttrack.grv.org.au/Meeting/Details/114836765","https://fasttrack.grv.org.au/RaceField/ViewRaces/114836765"
"https://fasttrack.grv.org.au/Meeting/Details/114836767","https://fasttrack.grv.org.au/RaceField/ViewRaces/114836767"
"https://fasttrack.grv.org.au/Meeting/Details/114836768","https://fasttrack.grv.org.au/RaceField/ViewRaces/114836768"
"https://fasttrack.grv.org.au/Meeting/Details/114836772","https://fasttrack.grv.org.au/RaceField/ViewRaces/114836772"
"https://fasttrack.grv.org.au/Meeting/Details/114836774","https://fasttrack.grv.org.au/RaceField/ViewRaces/114836774"
"https://fasttrack.grv.org.au/Meeting/Details/114836776","https://fasttrack.grv.org.au/RaceField/ViewRaces/114836776"
"https://fasttrack.grv.org.au/Meeting/Details/114836779","https://fasttrack.grv.org.au/RaceField/ViewRaces/114836779"
"https://fasttrack.grv.org.au/Meeting/Details/114836782","https://fasttrack.grv.org.au/RaceField/ViewRaces/114836782"
"https://fasttrack.grv.org.au/Meeting/Details/114836783","https://fasttrack.grv.org.au/RaceField/ViewRaces/114836783"
"https://fasttrack.grv.org.au/Meeting/Details/114836784","https://fasttrack.grv.org.au/RaceField/ViewRaces/114836784"
"https://fasttrack.grv.org.au/Meeting/Details/114836787","https://fasttrack.grv.org.au/RaceField/ViewRaces/114836787"
"https://fasttrack.grv.org.au/Meeting/Details/114836788","https://fasttrack.grv.org.au/RaceField/ViewRaces/114836788"
"https://fasttrack.grv.org.au/Meeting/Details/2135420071","https://fasttrack.grv.org.au/RaceField/ViewRaces/2135420071"
"https://fasttrack.grv.org.au/Meeting/Details/2135420072","https://fasttrack.grv.org.au/RaceField/ViewRaces/2135420072"
"https://fasttrack.grv.org.au/Meeting/Details/2135420073","https://fasttrack.grv.org.au/RaceField/ViewRaces/2135420073"
"https://fasttrack.grv.org.au/Meeting/Details/2135420074","https://fasttrack.grv.org.au/RaceField/ViewRaces/2135420074"
"https://fasttrack.grv.org.au/Meeting/Details/2135420077","https://fasttrack.grv.org.au/RaceField/ViewRaces/2135420077"
"https://fasttrack.grv.org.au/Meeting/Details/2135420079","https://fasttrack.grv.org.au/RaceField/ViewRaces/2135420079"
"https://fasttrack.grv.org.au/Meeting/Details/2135420080","https://fasttrack.grv.org.au/RaceField/ViewRaces/2135420080"
"https://fasttrack.grv.org.au/Meeting/Details/2135420081","https://fasttrack.grv.org.au/RaceField/ViewRaces/2135420081"
"https://fasttrack.grv.org.au/Meeting/Details/2099130001","https://fasttrack.grv.org.au/RaceField/ViewRaces/2099130001"
"https://fasttrack.grv.org.au/Meeting/Details/2099130002","https://fasttrack.grv.org.au/RaceField/ViewRaces/2099130002"
"https://fasttrack.grv.org.au/Meeting/Details/2099140000","https://fasttrack.grv.org.au/RaceField/ViewRaces/2099140000"
"https://fasttrack.grv.org.au/Meeting/Details/114836794","https://fasttrack.grv.org.au/RaceField/ViewRaces/114836794"
"https://fasttrack.grv.org.au/Meeting/Details/114836796","https://fasttrack.grv.org.au/RaceField/ViewRaces/114836796"
"https://fasttrack.grv.org.au/Meeting/Details/114836798","https://fasttrack.grv.org.au/RaceField/ViewRaces/114836798"
"https://fasttrack.grv.org.au/Meeting/Details/114836721","https://fasttrack.grv.org.au/RaceField/ViewRaces/114836721"
"https://fasttrack.grv.org.au/Meeting/Details/2099140001","https://fasttrack.grv.org.au/RaceField/ViewRaces/2099140001"
"https://fasttrack.grv.org.au/Meeting/Details/2099140002","https://fasttrack.grv.org.au/RaceField/ViewRaces/2099140002"
"https://fasttrack.grv.org.au/Meeting/Details/2099140003","https://fasttrack.grv.org.au/RaceField/ViewRaces/2099140003"
"https://fasttrack.grv.org.au/Meeting/Details/2099140004","https://fasttrack.grv.org.au/RaceField/ViewRaces/2099140004"
"https://fasttrack.grv.org.au/Meeting/Details/2099140005","https://fasttrack.grv.org.au/RaceField/ViewRaces/2099140005"
"https://fasttrack.grv.org.au/Meeting/Details/2099140006","https://fasttrack.grv.org.au/RaceField/ViewRaces/2099140006"